side,MSE,MAE,bias,L0,n_pts,coverage_frac
up,3519.5988645501966,26.574212311762714,-26.569049816095262,12.0,68,0.5
down,1.925238345018197e-05,0.004387753804645604,0.004387753804645604,12.0,5,0.03676470588235294
