side,MSE,MAE,bias,L0,n_pts,coverage_frac
up,12437.127363733638,109.77150510266868,-109.77150510266868,0.1,68,0.5
down,14552.647928862334,120.5202640127372,-120.5202640127372,0.1,5,0.03676470588235294
