side,MSE,MAE,bias,L0,n_pts,coverage_frac
up,6729.659290583335,68.82518692590375,-68.82518692590375,0.1,68,0.5
down,14319.665195212288,119.60743333133837,-119.60743333133837,0.1,5,0.03676470588235294
