side,MSE,MAE,bias,L0,n_pts,coverage_frac
up,12988.531348043734,113.71490238830977,-113.71490238830977,0.1,68,0.5
down,11622.144656957425,107.48273655606894,-107.48273655606894,0.1,5,0.03676470588235294
