side,MSE,MAE,bias,L0,n_pts,coverage_frac
up,0.06546659062526522,0.2030408832938005,-0.029833727460040347,0.1,68,0.5
down,0.1229287108954068,0.35058508797615584,0.35058508797615584,0.1,5,0.03676470588235294
