side,MSE,MAE,bias
up,0.018953482436262,0.09808440015113246,0.09808440015113246
down,nan,nan,nan
