side,MSE,MAE,bias,L0,n_pts,coverage_frac
up,6610.262801599098,57.28917201559754,-56.97942348131047,0.1,68,0.5
down,2517.9195212120203,25.986799343737005,-25.986799343737005,0.1,5,0.03676470588235294
