side,MSE,MAE,bias,L0,n_pts,coverage_frac
up,12261.19956972209,107.87526686062212,-107.87526686062212,0.1,68,0.5
down,12403.455235138648,111.27119137569848,-111.27119137569848,0.1,5,0.03676470588235294
