side,MSE,MAE,bias,L0,n_pts,coverage_frac
up,2504.490964626577,22.472342742046578,-22.472342742046578,0.1,68,0.5
down,0.8683858458966627,0.9306962729819495,-0.9306962729819495,0.1,5,0.03676470588235294
