side,MSE,MAE,bias,L0,n_pts,coverage_frac
up,8525.771476647064,74.58447694866442,-74.5606139460165,0.1,68,0.5
down,13563.593107596458,116.40948952299182,-116.40948952299182,0.1,5,0.03676470588235294
