side,MSE,MAE,bias,L0,n_pts,coverage_frac
up,6342.769494600386,56.869017092696645,-56.561253873347304,0.1,68,0.5
down,278.8899366685375,9.178544037577657,-8.967931854954667,0.1,5,0.03676470588235294
