side,MSE,MAE,bias,L0,n_pts,coverage_frac
up,1347.0266071578046,14.831753930586986,-14.757028228737905,0.1,68,0.5
down,9561.18929291812,92.74797884888291,-92.74797884888291,0.1,5,0.03676470588235294
