side,MSE,MAE,bias,L0,n_pts,coverage_frac
up,12930.556036093187,108.3389934914371,-108.3389934914371,0.1,68,0.5
down,14263.800687644045,119.183005996329,-119.183005996329,0.1,5,0.03676470588235294
