side,MSE,MAE,bias,L0,n_pts,coverage_frac
up,11841.810320125793,103.0433215455064,-102.9503916469289,0.1,68,0.5
down,12440.596456325771,109.49627918558917,-109.49627918558917,0.1,5,0.03676470588235294
