side,MSE,MAE,bias,L0,n_pts,coverage_frac
up,1367.7912752228767,14.23002382128372,-14.0481925931104,0.21900000000000003,68,0.5
down,12055.691889532138,109.41480206095676,-109.41480206095676,0.21900000000000003,5,0.03676470588235294
