side,MSE,MAE,bias
up,0.010476255162187415,0.06646244457283274,0.06255286605138521
down,nan,nan,nan
