side,MSE,MAE,bias
up,0.015580160902437688,0.09845756783229836,0.09845756783229836
down,nan,nan,nan
