side,MSE,MAE,bias,L0,n_pts,coverage_frac
up,10898.009685308123,92.95129677491046,-92.95129677491046,0.1,68,0.5
down,2358.9556491837016,40.14757626291832,-40.14757626291832,0.1,5,0.03676470588235294
