source,side,MSE,MAE,bias
M87,up,2.127959656071743,1.4476195688624027,-1.4476195688624027
M87,down,2.127959656071743,1.4476195688624027,-1.4476195688624027
