model,med_abs_bz,axial_fraction,alpha_up_deg_med,alpha_down_deg_med,symm_dr_med
A,0.997405,0.857243,-0.025239,0.005608,0.099147
B,0.997405,0.857243,-0.025239,0.005608,0.099147
