side,MSE,MAE,bias
up,0.005012381643525416,0.06047360458202204,0.05544964749735213
down,0.0020384348577840916,0.037804951400314715,0.005842428355809859
