side,MSE,MAE,bias
up,0.08376584880915976,0.28402036858848356,-0.28402036858848356
down,0.08376584880915976,0.28402036858848356,-0.28402036858848356
