side,MSE,MAE,bias
up,0.042699862791057454,0.20335472070203325,0.20335472070203325
down,0.042699862791057454,0.20335472070203325,0.20335472070203325
