side,MSE,MAE,bias
up,6.061110562254893e-05,0.005662723919910671,-0.001778876204137166
down,0.0006729688848556353,0.022654665958875143,-0.02002641707500597
