side,MSE,MAE,bias
up,0.193458210113019,0.36348882267220056,-0.15566006914810074
down,0.193458210113019,0.36348882267220056,-0.15566006914810074
