{
  "K": 12,
  "gamma": 0.7853981633974483,
  "beta": 3.141592653589793,
  "E": -4.294775497820269e-06
}