{
  "K": 16,
  "gamma": 0.0,
  "beta": 3.141592653589793,
  "E": -5.553577168333931e-06
}