{
  "K": 8,
  "gamma": 0.0,
  "beta": 3.141592653589793,
  "E": -2.4955165131016877e-06
}