{
  "gamma": 0.7853981633974483,
  "beta": 3.141592653589793,
  "E": -1.6096856775115542e-06
}