side,MSE,MAE,bias,L0,n_pts,coverage_frac
up,14345.809464367103,119.44846212235191,-119.44846212235191,0.1,68,0.5
down,16257.518971220135,127.39957085200815,-127.39957085200815,0.1,5,0.03676470588235294
