side,MSE,MAE,bias
up,0.032830445622072185,0.18090169265217151,0.18090169265217151
down,nan,nan,nan
