side,MSE,MAE,bias
up,0.014625310293086533,0.0876703013815045,0.08308666471348189
down,nan,nan,nan
