side,MSE,MAE,bias,L0,n_pts,coverage_frac
up,12799.577211040683,111.24071974923991,-111.20974736944243,0.1,68,0.5
down,7936.287240664498,69.15833935712132,-68.73711499187534,0.1,5,0.03676470588235294
