side,MSE,MAE,bias,L0,n_pts,coverage_frac
up,8313.750419240927,77.42778132901563,-77.42778132901563,0.1,68,0.5
down,0.37268216046482966,0.5933728761185718,-0.5933728761185718,0.1,5,0.03676470588235294
