side,MSE,MAE,bias,L0,n_pts,coverage_frac
up,9382.08684422519,83.69872606885357,-83.60580892946109,0.1,68,0.5
down,1308.8676095002072,23.044123640186356,-22.622899274940384,0.1,5,0.03676470588235294
