side,MSE,MAE,bias
up,0.01622547625376326,0.11344995839621527,0.05753945669302561
down,nan,nan,nan
