side,MSE,MAE,bias,L0,n_pts,coverage_frac
up,0.02709814599180425,0.04672547262868603,-0.03911095969496271,12.0,68,0.5
down,1.925238345018197e-05,0.004387753804645604,0.004387753804645604,12.0,5,0.03676470588235294
