side,MSE,MAE,bias,L0,n_pts,coverage_frac
up,8673.914460564483,75.1852204353804,-74.92655604132561,0.1,68,0.5
down,11557.644121904008,106.71497321423094,-106.71497321423094,0.1,5,0.03676470588235294
