side,MSE,MAE,bias,L0,n_pts,coverage_frac
up,13031.76046833473,111.34511335080028,-111.29865478110402,0.1,68,0.5
down,4268.304611030396,41.55372041270728,-40.92188386483831,0.1,5,0.03676470588235294
