side,MSE,MAE,bias
up,0.02731097970528169,0.16180229773939597,0.16180229773939597
down,nan,nan,nan
