side,MSE,MAE,bias,L0,n_pts,coverage_frac
up,7259.045846065701,67.25170789609788,-67.24459346019736,0.1,68,0.5
down,9617.492877770488,97.8232919405443,-97.8232919405443,0.1,5,0.03676470588235294
