side,MSE,MAE,bias,L0,n_pts,coverage_frac
up,1284.5045812667252,16.43164253986615,-16.43164253986615,0.1,68,0.5
down,5047.815105893759,70.67090692403825,-70.67090692403825,0.1,5,0.03676470588235294
