side,MSE,MAE,bias
up,0.01549472088575518,0.07266220534367702,-0.01721730800119202
down,nan,nan,nan
