side,MSE,MAE,bias
up,0.02437082529950231,0.15002252102385769,0.15002252102385769
down,nan,nan,nan
